customer_id,actual_churn,predicted_churn,churn_probability,risk_level,total_transactions,total_spent,return_rate,days_since_last_transaction
CUST0001,0,0,0.0,Low Risk,17,2898500.92,0.0,15
CUST0002,1,1,1.0,High Risk,5,1337250.48,0.0,378
CUST0003,0,0,0.0,Low Risk,17,2619149.95,0.0,7
CUST0004,1,1,1.0,High Risk,12,1272742.9,0.0,48
CUST0005,1,1,1.0,High Risk,3,109654.77,0.0,228
CUST0006,0,0,0.0,Low Risk,12,1801234.8,0.0,10
CUST0007,1,1,1.0,High Risk,3,245433.02999999997,0.0,136
CUST0008,1,1,1.0,High Risk,6,1302475.19,0.0,66
CUST0009,1,1,1.0,High Risk,2,242266.24,0.0,524
CUST0010,1,1,1.0,High Risk,9,1473959.8599999999,0.0,290
CUST0011,1,1,1.0,High Risk,10,1573165.45,0.0,46
CUST0012,0,0,0.0,Low Risk,25,5200309.84,0.0,3
CUST0013,1,1,1.0,High Risk,6,884099.8200000001,0.0,148
CUST0014,1,1,1.0,High Risk,11,1940259.27,0.0,20
CUST0015,0,0,0.0,Low Risk,17,2548542.32,0.0,112
CUST0016,0,0,0.0,Low Risk,11,1364726.35,0.0,82
CUST0017,1,1,1.0,High Risk,27,3258775.6,0.0,200
CUST0018,1,1,1.0,High Risk,8,1749000.32,0.0,183
CUST0019,1,1,1.0,High Risk,8,1268839.17,0.0,38
CUST0020,1,1,1.0,High Risk,20,3404713.9699999997,0.0,306
CUST0021,1,1,1.0,High Risk,8,1672428.5899999999,0.0,615
CUST0022,1,1,1.0,High Risk,13,2526075.06,0.0,241
CUST0023,1,1,1.0,High Risk,21,2413401.1,0.0,178
CUST0024,1,1,1.0,High Risk,13,2942845.09,0.0,140
CUST0025,1,1,1.0,High Risk,6,1787741.25,0.0,45
CUST0026,1,1,1.0,High Risk,11,2175904.76,0.0,312
CUST0027,0,0,0.0,Low Risk,22,3633917.03,0.0,49
CUST0028,0,0,0.0,Low Risk,27,3788851.18,0.0,7
CUST0029,0,0,0.0,Low Risk,24,2982553.0,0.0,7
CUST0030,0,0,0.0,Low Risk,16,3057387.2800000003,0.0,10
CUST0031,0,0,0.0,Low Risk,20,2641545.0,0.0,5
CUST0032,1,1,1.0,High Risk,6,1093763.8599999999,0.0,190
CUST0033,1,1,1.0,High Risk,21,2784044.08,0.0,210
CUST0034,1,1,1.0,High Risk,20,2630703.86,0.0,127
CUST0035,0,0,0.0,Low Risk,35,3377012.21,0.0,1
CUST0036,0,0,0.0,Low Risk,17,2881806.29,0.0,5
CUST0037,1,1,1.0,High Risk,27,4570551.55,0.0,257
CUST0038,1,1,1.0,High Risk,12,3025820.09,0.0,287
CUST0039,0,0,0.0,Low Risk,23,3557016.3400000003,0.0,6
CUST0040,0,0,0.0,Low Risk,25,2838788.52,0.0,82
CUST0041,1,1,1.0,High Risk,12,2268689.92,0.0,213
CUST0042,0,0,0.0,Low Risk,19,4305337.79,0.0,23
CUST0043,1,1,1.0,High Risk,11,1332299.21,0.0,229
CUST0044,1,1,1.0,High Risk,13,2295073.4,0.0,30
CUST0045,1,1,1.0,High Risk,6,710645.55,0.0,459
CUST0046,1,1,1.0,High Risk,17,2004241.34,0.0,145
CUST0047,1,1,1.0,High Risk,8,1137607.74,0.0,154
CUST0048,1,1,1.0,High Risk,11,1521029.04,0.0,152
CUST0049,0,0,0.0,Low Risk,9,411980.48,0.0,35
CUST0050,0,0,0.0,Low Risk,21,2441979.82,0.0,77
CUST0051,1,1,1.0,High Risk,12,1956404.94,0.0,177
CUST0052,0,0,0.0,Low Risk,20,2967073.29,0.0,106
CUST0053,1,1,1.0,High Risk,1,57238.08,0.0,647
CUST0054,1,1,1.0,High Risk,8,1902979.02,0.0,13
CUST0055,1,1,1.0,High Risk,12,2738151.35,0.0,172
CUST0056,1,1,1.0,High Risk,16,1848324.54,0.0,347
CUST0057,1,1,1.0,High Risk,13,1996810.0,0.0,7
CUST0058,0,0,0.0,Low Risk,21,2744209.21,0.0,95
CUST0059,1,1,1.0,High Risk,11,2606544.98,0.0,15
CUST0060,1,1,1.0,High Risk,10,1213356.29,0.0,45
CUST0061,1,1,1.0,High Risk,10,1182834.96,0.0,15
CUST0062,1,1,1.0,High Risk,14,2220851.93,0.0,114
CUST0063,1,1,1.0,High Risk,4,641564.39,0.0,636
CUST0064,1,1,1.0,High Risk,19,2678096.16,0.0,235
CUST0065,1,1,1.0,High Risk,24,3455921.2199999997,0.0,121
CUST0066,0,0,0.0,Low Risk,21,3725335.44,0.0,50
CUST0067,1,1,1.0,High Risk,18,2940435.23,0.0,221
CUST0068,1,1,1.0,High Risk,9,2103359.02,0.0,2
CUST0069,1,1,1.0,High Risk,7,1082684.3,0.0,459
CUST0070,1,1,1.0,High Risk,23,3810901.87,0.0,265
CUST0071,1,1,1.0,High Risk,6,1099156.15,0.0,837
CUST0072,0,0,0.0,Low Risk,15,1547701.05,0.0,50
CUST0073,1,1,1.0,High Risk,10,1198574.24,0.0,127
CUST0074,0,0,0.0,Low Risk,27,4924991.28,0.0,46
CUST0075,0,0,0.0,Low Risk,21,3233995.71,0.0,36
CUST0076,0,0,0.0,Low Risk,31,6075302.82,0.0,45
CUST0077,1,1,1.0,High Risk,24,3228121.61,0.0,218
CUST0078,1,1,1.0,High Risk,12,1825583.4,0.0,382
CUST0079,1,1,1.0,High Risk,8,1406515.25,0.0,35
CUST0080,0,0,0.0,Low Risk,25,4397967.0,0.0,6
CUST0081,0,0,0.0,Low Risk,19,3818171.66,0.0,42
CUST0082,0,0,0.0,Low Risk,17,2244174.9699999997,0.0,37
CUST0083,1,1,1.0,High Risk,1,129306.21,0.0,263
CUST0084,0,0,0.0,Low Risk,19,2854501.19,0.0,45
CUST0085,1,1,1.0,High Risk,4,1443155.88,0.0,639
CUST0086,0,0,0.0,Low Risk,17,2453142.86,0.0,97
CUST0087,0,0,0.0,Low Risk,27,4890232.36,0.0,87
CUST0088,1,1,1.0,High Risk,5,799654.06,0.0,625
CUST0089,0,0,0.0,Low Risk,22,3175616.3,0.0,53
CUST0090,0,0,0.0,Low Risk,15,2149554.73,0.0,43
CUST0091,1,1,1.0,High Risk,9,1351068.46,0.0,188
CUST0092,1,1,1.0,High Risk,26,2744399.63,0.0,124
CUST0093,0,0,0.0,Low Risk,27,3568252.9499999997,0.0,43
CUST0094,0,0,0.0,Low Risk,24,3198908.07,0.0,17
CUST0095,0,0,0.0,Low Risk,9,968996.34,0.0,20
CUST0096,0,0,0.0,Low Risk,8,1430573.83,0.0,16
CUST0097,1,1,1.0,High Risk,8,1545490.41,0.0,276
CUST0098,0,0,0.0,Low Risk,10,1505280.78,0.0,8
CUST0099,1,1,1.0,High Risk,8,802747.46,0.0,181
CUST0100,1,1,1.0,High Risk,11,1463811.71,0.0,173
CUST0101,0,0,0.0,Low Risk,19,2181152.72,0.0,44
CUST0102,0,0,0.0,Low Risk,22,3956374.07,0.0,19
CUST0103,1,1,1.0,High Risk,22,4039833.56,0.0,209
CUST0104,1,1,1.0,High Risk,5,839567.36,0.0,19
CUST0105,1,1,1.0,High Risk,10,669335.38,0.0,242
CUST0106,1,1,1.0,High Risk,2,597370.41,0.0,432
CUST0107,0,0,0.0,Low Risk,21,2163430.64,0.0,27
CUST0108,1,1,1.0,High Risk,8,1318822.93,0.0,108
CUST0109,1,1,1.0,High Risk,25,3573880.96,0.0,264
CUST0110,1,1,1.0,High Risk,11,1381245.05,0.0,348
CUST0111,1,1,1.0,High Risk,8,1020803.89,0.0,183
CUST0112,1,1,1.0,High Risk,21,3222540.46,0.0,184
CUST0113,1,1,1.0,High Risk,14,2121094.59,0.0,247
CUST0114,0,0,0.0,Low Risk,19,3282490.2,0.0,2
CUST0115,1,1,1.0,High Risk,12,2164871.1399999997,0.0,410
CUST0116,1,1,1.0,High Risk,19,3399042.22,0.0,173
CUST0117,1,1,1.0,High Risk,11,2350846.59,0.0,326
CUST0118,0,0,0.0,Low Risk,21,1980590.32,0.0,77
CUST0119,0,0,0.0,Low Risk,12,2881878.99,0.0,20
CUST0120,1,1,1.0,High Risk,20,3866482.4,0.0,289
CUST0121,0,0,0.0,Low Risk,20,3400260.05,0.0,5
CUST0122,1,1,1.0,High Risk,11,2260076.5,0.0,178
CUST0123,0,0,0.0,Low Risk,27,4905115.41,0.0,45
CUST0124,1,1,1.0,High Risk,10,1313455.13,0.0,250
CUST0125,1,1,1.0,High Risk,14,1959513.7,0.0,29
CUST0126,1,1,1.0,High Risk,8,1211436.43,0.0,453
CUST0127,0,0,0.0,Low Risk,22,3254170.63,0.0,3
CUST0128,0,0,0.0,Low Risk,30,4186505.02,0.0,40
CUST0129,1,1,1.0,High Risk,16,2921148.11,0.0,94
CUST0130,1,1,1.0,High Risk,18,2616468.68,0.0,290
CUST0131,1,1,1.0,High Risk,6,1823518.47,0.0,199
CUST0132,0,0,0.0,Low Risk,11,2377180.2800000003,0.0,31
CUST0133,1,1,1.0,High Risk,13,2188339.3200000003,0.0,15
CUST0134,1,1,1.0,High Risk,13,1224048.2,0.0,234
CUST0135,1,1,1.0,High Risk,22,3530088.2600000002,0.0,209
CUST0136,1,1,1.0,High Risk,5,1107568.83,0.0,230
CUST0137,1,1,1.0,High Risk,12,1474872.6800000002,0.0,54
CUST0138,1,1,1.0,High Risk,13,1455470.64,0.0,354
CUST0139,0,0,0.0,Low Risk,22,3356965.42,0.0,110
CUST0140,1,1,1.0,High Risk,11,2414452.27,0.0,2
CUST0141,1,1,1.0,High Risk,6,758311.71,0.0,50
CUST0142,1,1,1.0,High Risk,11,1339621.57,0.0,40
CUST0143,1,1,1.0,High Risk,13,2114048.31,0.0,54
CUST0144,1,1,1.0,High Risk,9,938083.19,0.0,393
CUST0145,1,1,1.0,High Risk,16,2637293.42,0.0,229
CUST0146,0,0,0.0,Low Risk,14,3102929.3800000004,0.0,7
CUST0147,1,1,1.0,High Risk,11,1200518.9,0.0,213
CUST0148,1,1,1.0,High Risk,16,2478914.01,0.0,187
CUST0149,1,1,1.0,High Risk,15,2670812.04,0.0,163
CUST0150,1,1,1.0,High Risk,14,1793330.26,0.0,181
CUST0151,0,0,0.0,Low Risk,13,1952550.54,0.0,63
CUST0152,1,1,1.0,High Risk,7,936547.0800000001,0.0,254
CUST0153,1,1,1.0,High Risk,9,896955.1699999999,0.0,210
CUST0154,1,1,1.0,High Risk,6,558548.15,0.0,398
CUST0155,1,1,1.0,High Risk,20,4275175.82,0.0,232
CUST0156,0,0,0.0,Low Risk,30,3711773.26,0.0,59
CUST0157,1,1,1.0,High Risk,16,1923526.1,0.0,122
CUST0158,1,1,1.0,High Risk,11,2657141.42,0.0,79
CUST0159,1,1,1.0,High Risk,9,1147203.78,0.0,5
CUST0160,1,1,1.0,High Risk,5,403138.41000000003,0.0,214
CUST0161,1,1,1.0,High Risk,21,3385334.53,0.0,283
CUST0162,1,1,1.0,High Risk,35,5280157.04,0.0,254
CUST0163,1,1,1.0,High Risk,3,168140.76,0.0,618
CUST0164,1,1,1.0,High Risk,13,1756665.51,0.0,153
CUST0165,1,1,1.0,High Risk,10,2733637.3200000003,0.0,182
CUST0166,1,1,1.0,High Risk,21,3190574.43,0.0,202
CUST0167,0,0,0.0,Low Risk,26,4811338.07,0.0,37
CUST0168,1,1,1.0,High Risk,11,1014490.37,0.0,274
CUST0169,1,1,1.0,High Risk,18,2915114.84,0.0,240
CUST0170,1,1,1.0,High Risk,9,1419347.6600000001,0.0,94
CUST0171,0,0,0.0,Low Risk,23,3549992.14,0.0,12
CUST0172,1,1,1.0,High Risk,3,237318.49,0.0,577
CUST0173,1,1,1.0,High Risk,15,1387881.7,0.0,174
CUST0174,0,0,0.0,Low Risk,18,2210458.8,0.0,3
CUST0175,0,0,0.0,Low Risk,14,2224497.4699999997,0.0,39
CUST0176,1,1,1.0,High Risk,11,1708095.56,0.0,256
CUST0177,1,1,1.0,High Risk,7,1408496.04,0.0,215
CUST0178,1,1,1.0,High Risk,18,2625139.85,0.0,221
CUST0179,1,1,1.0,High Risk,11,1316107.45,0.0,378
CUST0180,0,0,0.0,Low Risk,12,2003210.2600000002,0.0,12
CUST0181,1,1,1.0,High Risk,19,2629188.0,0.0,217
CUST0182,1,1,1.0,High Risk,4,504790.4,0.0,276
CUST0183,1,1,1.0,High Risk,16,2531388.41,0.0,181
CUST0184,1,1,1.0,High Risk,16,1795663.59,0.0,464
CUST0185,0,0,0.0,Low Risk,17,2901549.23,0.0,100
CUST0186,1,1,1.0,High Risk,20,2936418.34,0.0,219
CUST0187,0,0,0.0,Low Risk,21,1468926.6199999999,0.0,63
CUST0188,0,0,0.0,Low Risk,25,3961685.72,0.0,-1
CUST0189,1,1,1.0,High Risk,11,1322965.1800000002,0.0,317
CUST0190,0,0,0.0,Low Risk,25,3301560.62,0.0,26
CUST0191,1,1,1.0,High Risk,9,998574.73,0.0,428
CUST0192,1,1,1.0,High Risk,22,3292889.92,0.0,241
CUST0193,0,0,0.0,Low Risk,37,6546394.28,0.0,73
CUST0194,1,1,1.0,High Risk,4,509154.17999999993,0.0,296
CUST0195,1,1,1.0,High Risk,11,1536545.82,0.0,44
CUST0196,1,1,1.0,High Risk,10,2014171.94,0.0,59
CUST0197,0,0,0.0,Low Risk,18,3963974.1599999997,0.0,22
CUST0198,0,0,0.0,Low Risk,21,3746465.98,0.0,95
CUST0199,1,1,1.0,High Risk,13,2622631.03,0.0,245
CUST0200,1,1,1.0,High Risk,7,846531.98,0.0,403
CUST0201,0,0,0.0,Low Risk,20,3689176.92,0.0,51
CUST0202,1,1,1.0,High Risk,11,1715049.1500000001,0.0,49
CUST0203,1,1,1.0,High Risk,8,2025899.08,0.0,130
CUST0204,1,1,1.0,High Risk,12,1333668.1,0.0,458
CUST0205,1,1,1.0,High Risk,13,1336155.3599999999,0.0,164
CUST0206,0,0,0.0,Low Risk,19,2254987.0,0.0,52
CUST0207,1,1,1.0,High Risk,15,1441632.64,0.0,170
CUST0208,1,1,1.0,High Risk,15,2936840.63,0.0,217
CUST0209,1,1,1.0,High Risk,10,1216955.54,0.0,121
CUST0210,1,1,1.0,High Risk,15,2764982.35,0.0,127
CUST0211,1,1,1.0,High Risk,5,888854.56,0.0,291
CUST0212,1,1,1.0,High Risk,9,1559302.17,0.0,530
CUST0213,1,1,1.0,High Risk,7,2093628.2300000002,0.0,111
CUST0214,1,1,1.0,High Risk,6,809382.71,0.0,109
CUST0215,1,1,1.0,High Risk,19,3668577.33,0.0,125
CUST0216,0,0,0.0,Low Risk,26,2701885.1,0.0,32
CUST0217,1,1,1.0,High Risk,20,2301015.9899999998,0.0,179
CUST0218,1,1,1.0,High Risk,11,2242978.04,0.0,393
CUST0219,1,1,1.0,High Risk,17,2951968.85,0.0,286
CUST0220,1,1,1.0,High Risk,12,2272992.74,0.0,594
CUST0221,1,1,1.0,High Risk,11,2083953.11,0.0,263
CUST0222,1,1,1.0,High Risk,10,879415.08,0.0,146
CUST0223,0,0,0.0,Low Risk,18,3040961.37,0.0,57
CUST0224,1,1,1.0,High Risk,5,1806297.65,0.0,529
CUST0225,1,1,1.0,High Risk,8,1035402.0800000001,0.0,626
CUST0226,0,0,0.0,Low Risk,35,5616003.39,0.0,15
CUST0227,0,0,0.0,Low Risk,17,2202514.13,0.0,46
CUST0228,0,0,0.0,Low Risk,25,2534454.35,0.0,2
CUST0229,0,0,0.0,Low Risk,18,3805193.52,0.0,30
CUST0230,1,1,1.0,High Risk,25,3330681.58,0.0,274
CUST0231,1,1,1.0,High Risk,14,1834013.72,0.0,122
CUST0232,1,1,1.0,High Risk,10,1130245.68,0.0,261
CUST0233,1,1,1.0,High Risk,7,1524149.78,0.0,60
CUST0234,0,0,0.0,Low Risk,23,2909439.31,0.0,112
CUST0235,1,1,1.0,High Risk,19,2306711.54,0.0,211
CUST0236,1,1,1.0,High Risk,14,1854361.21,0.0,131
CUST0237,1,1,1.0,High Risk,8,1099602.15,0.0,577
CUST0238,1,1,1.0,High Risk,4,865110.3200000001,0.0,462
CUST0239,1,1,1.0,High Risk,9,833113.26,0.0,36
CUST0240,1,1,1.0,High Risk,5,1302859.31,0.0,213
CUST0241,1,1,1.0,High Risk,5,252512.58999999997,0.0,48
CUST0242,1,1,1.0,High Risk,9,1059584.38,0.0,227
CUST0243,0,0,0.0,Low Risk,22,3177887.39,0.0,114
CUST0244,1,1,1.0,High Risk,14,2580744.0700000003,0.0,217
CUST0245,1,1,1.0,High Risk,20,2787899.2800000003,0.0,196
CUST0246,1,1,1.0,High Risk,12,1863215.38,0.0,36
CUST0247,1,1,1.0,High Risk,9,1706951.98,0.0,250
CUST0248,1,1,1.0,High Risk,2,92967.91,0.0,708
CUST0249,0,0,0.0,Low Risk,13,2316314.35,0.0,5
CUST0250,0,0,0.0,Low Risk,14,1879464.8900000001,0.0,12
CUST0251,1,1,1.0,High Risk,18,3280167.7199999997,0.0,232
CUST0252,1,1,1.0,High Risk,13,1342430.01,0.0,157
CUST0253,1,1,1.0,High Risk,7,962087.3,0.0,0
CUST0254,1,1,1.0,High Risk,11,2044273.64,0.0,253
CUST0255,0,0,0.0,Low Risk,23,2891472.8899999997,0.0,37
CUST0256,0,0,0.0,Low Risk,19,4525183.45,0.0,82
CUST0257,1,1,1.0,High Risk,8,939745.8200000001,0.0,294
CUST0258,1,1,1.0,High Risk,8,650459.32,0.0,215
CUST0259,0,0,0.0,Low Risk,31,4189173.84,0.0,21
CUST0260,1,1,1.0,High Risk,15,2771997.69,0.0,209
CUST0261,1,1,1.0,High Risk,21,3983652.0999999996,0.0,130
CUST0262,0,0,0.0,Low Risk,29,3755796.88,0.0,19
CUST0263,1,1,1.0,High Risk,16,2740523.11,0.0,144
CUST0264,0,0,0.0,Low Risk,18,4145325.0300000003,0.0,50
CUST0265,1,1,1.0,High Risk,10,2197217.89,0.0,181
CUST0266,1,1,1.0,High Risk,19,2560819.18,0.0,301
CUST0267,0,0,0.0,Low Risk,38,7162178.13,0.0,23
CUST0268,1,1,1.0,High Risk,20,2668740.84,0.0,171
CUST0269,0,0,0.0,Low Risk,26,3620071.9099999997,0.0,27
CUST0270,0,0,0.0,Low Risk,11,1459427.2,0.0,82
CUST0271,1,1,1.0,High Risk,11,1970414.6400000001,0.0,399
CUST0272,1,1,1.0,High Risk,11,1668473.85,0.0,342
CUST0273,0,0,0.0,Low Risk,24,3434194.94,0.0,40
CUST0274,1,1,1.0,High Risk,9,909546.04,0.0,672
CUST0275,0,0,0.0,Low Risk,21,3083018.86,0.0,92
CUST0276,1,1,1.0,High Risk,9,1267509.38,0.0,358
CUST0277,1,1,1.0,High Risk,4,300329.56,0.0,707
CUST0278,1,1,1.0,High Risk,17,2640080.66,0.0,223
CUST0279,1,1,1.0,High Risk,30,4549378.4399999995,0.0,174
CUST0280,1,1,1.0,High Risk,5,397618.19999999995,0.0,622
CUST0281,1,1,1.0,High Risk,8,1188179.86,0.0,170
CUST0282,0,0,0.0,Low Risk,23,3035337.5,0.0,7
CUST0283,0,0,0.0,Low Risk,20,1945668.94,0.0,99
CUST0284,1,1,1.0,High Risk,11,2032543.07,0.0,194
CUST0285,1,1,1.0,High Risk,12,1652729.85,0.0,209
CUST0286,1,1,1.0,High Risk,15,3452817.16,0.0,34
CUST0287,1,1,1.0,High Risk,7,643091.06,0.0,361
CUST0288,1,1,1.0,High Risk,3,297353.02,0.0,318
CUST0289,0,0,0.0,Low Risk,22,4783701.4,0.0,14
CUST0290,1,1,1.0,High Risk,19,2760966.86,0.0,148
CUST0291,1,1,1.0,High Risk,18,3399805.88,0.0,228
CUST0292,0,0,0.0,Low Risk,9,933074.38,0.0,45
CUST0293,1,1,1.0,High Risk,11,1319355.1099999999,0.0,334
CUST0294,1,1,1.0,High Risk,18,3616695.8,0.0,458
CUST0295,1,1,1.0,High Risk,19,4514754.25,0.0,135
CUST0296,1,1,1.0,High Risk,8,1119250.6099999999,0.0,18
CUST0297,0,0,0.0,Low Risk,4,540995.5900000001,0.0,18
CUST0298,1,1,1.0,High Risk,30,3899502.54,0.0,210
CUST0299,1,1,1.0,High Risk,10,920594.98,0.0,265
CUST0300,0,0,0.0,Low Risk,28,4016561.02,0.0,3
CUST0301,1,1,1.0,High Risk,10,1692335.45,0.0,213
CUST0302,1,1,1.0,High Risk,9,879899.5399999999,0.0,393
CUST0303,0,0,0.0,Low Risk,24,3919368.94,0.0,39
CUST0304,1,1,1.0,High Risk,14,2388990.3200000003,0.0,63
CUST0305,1,1,1.0,High Risk,8,818887.3500000001,0.0,99
CUST0306,0,0,0.0,Low Risk,26,3934759.24,0.0,5
CUST0307,1,1,1.0,High Risk,9,777106.27,0.0,158
CUST0308,0,0,0.0,Low Risk,7,1148896.25,0.0,4
CUST0309,1,1,1.0,High Risk,4,508163.77999999997,0.0,44
CUST0310,1,1,1.0,High Risk,7,1149491.88,0.0,465
CUST0311,0,0,0.0,Low Risk,20,2597543.62,0.0,20
CUST0312,1,1,1.0,High Risk,11,1901942.07,0.0,92
CUST0313,1,1,1.0,High Risk,11,1667537.87,0.0,0
CUST0314,0,0,0.0,Low Risk,24,3501542.95,0.0,45
CUST0315,0,0,0.0,Low Risk,22,2752353.03,0.0,8
CUST0316,1,1,1.0,High Risk,16,2844001.05,0.0,131
CUST0317,1,1,1.0,High Risk,15,1719890.52,0.0,252
CUST0318,0,0,0.0,Low Risk,29,5607289.11,0.0,18
CUST0319,1,1,1.0,High Risk,11,1441150.0899999999,0.0,259
CUST0320,1,1,1.0,High Risk,19,2707835.24,0.0,128
CUST0321,1,1,1.0,High Risk,13,1682545.7,0.0,50
CUST0322,1,1,1.0,High Risk,6,862169.95,0.0,594
CUST0323,1,1,1.0,High Risk,13,1601249.47,0.0,226
CUST0324,1,1,1.0,High Risk,17,2826302.52,0.0,231
CUST0325,0,0,0.0,Low Risk,11,976133.2999999999,0.0,77
CUST0326,1,1,1.0,High Risk,7,1353678.7000000002,0.0,45
CUST0327,1,1,1.0,High Risk,10,913407.05,0.0,60
CUST0328,1,1,1.0,High Risk,15,2471902.4899999998,0.0,32
CUST0329,1,1,1.0,High Risk,8,788861.75,0.0,501
CUST0330,0,0,0.0,Low Risk,23,3963056.45,0.0,26
CUST0331,1,1,1.0,High Risk,13,1253780.44,0.0,629
CUST0332,1,1,1.0,High Risk,9,1411390.0,0.0,440
CUST0333,0,0,0.0,Low Risk,18,2528853.23,0.0,102
CUST0334,0,0,0.0,Low Risk,25,3140675.27,0.0,100
CUST0335,0,0,0.0,Low Risk,21,3596626.01,0.0,53
CUST0336,1,1,1.0,High Risk,8,1006931.26,0.0,230
CUST0337,1,1,1.0,High Risk,11,1286482.41,0.0,223
CUST0338,1,1,1.0,High Risk,21,3914046.79,0.0,416
CUST0339,1,1,1.0,High Risk,14,961731.45,0.0,35
CUST0340,1,1,1.0,High Risk,9,1087310.56,0.0,156
CUST0341,1,1,1.0,High Risk,21,3052697.7199999997,0.0,156
CUST0342,0,0,0.0,Low Risk,18,2974025.64,0.0,17
CUST0343,1,1,1.0,High Risk,13,1817898.94,0.0,475
CUST0344,1,1,1.0,High Risk,13,2088326.89,0.0,213
CUST0345,1,1,1.0,High Risk,9,1163631.9,0.0,225
CUST0346,1,1,1.0,High Risk,23,3619089.15,0.0,215
CUST0347,1,1,1.0,High Risk,11,1717221.3699999999,0.0,336
CUST0348,0,0,0.0,Low Risk,21,2329327.3,0.0,37
CUST0349,1,1,1.0,High Risk,11,1888336.6400000001,0.0,249
CUST0350,1,1,1.0,High Risk,28,3599781.0300000003,0.0,362
CUST0351,0,0,0.0,Low Risk,26,3391340.7,0.0,45
CUST0352,1,1,1.0,High Risk,5,1318201.6300000001,0.0,335
CUST0353,0,0,0.0,Low Risk,19,2195513.61,0.0,88
CUST0354,1,1,1.0,High Risk,26,3517824.95,0.0,338
CUST0355,1,1,1.0,High Risk,18,2018358.94,0.0,324
CUST0356,0,0,0.0,Low Risk,14,2141140.67,0.0,91
CUST0357,1,1,1.0,High Risk,24,4125370.6,0.0,144
CUST0358,1,1,1.0,High Risk,28,4900427.12,0.0,227
CUST0359,1,1,1.0,High Risk,10,932472.1,0.0,271
CUST0360,1,1,1.0,High Risk,9,1332471.79,0.0,89
CUST0361,0,0,0.0,Low Risk,26,3490379.04,0.0,46
CUST0363,1,1,1.0,High Risk,14,2380790.39,0.0,369
CUST0364,1,1,1.0,High Risk,17,2392645.59,0.0,214
CUST0365,1,1,1.0,High Risk,15,1368860.5,0.0,123
CUST0366,0,0,0.0,Low Risk,18,2876433.88,0.0,8
CUST0368,1,1,1.0,High Risk,12,1820454.26,0.0,158
CUST0369,0,0,0.0,Low Risk,18,3479986.88,0.0,22
CUST0370,1,1,1.0,High Risk,15,2740293.62,0.0,219
CUST0371,1,1,1.0,High Risk,15,2447458.33,0.0,192
CUST0372,0,0,0.0,Low Risk,19,2730178.38,0.0,37
CUST0373,1,1,1.0,High Risk,6,859354.05,0.0,691
CUST0374,0,0,0.0,Low Risk,30,4568336.89,0.0,114
CUST0375,1,1,1.0,High Risk,14,2198004.45,0.0,123
CUST0376,0,0,0.0,Low Risk,18,3715734.43,0.0,84
CUST0377,1,1,1.0,High Risk,27,3126702.16,0.0,256
CUST0378,1,1,1.0,High Risk,7,732752.35,0.0,432
CUST0379,0,0,0.0,Low Risk,18,1830079.5,0.0,104
CUST0380,1,1,1.0,High Risk,17,2673316.66,0.0,225
CUST0381,0,0,0.0,Low Risk,4,937422.6100000001,0.0,36
CUST0382,0,0,0.0,Low Risk,18,2982955.75,0.0,115
CUST0383,1,1,1.0,High Risk,17,2164267.07,0.0,317
CUST0384,0,0,0.0,Low Risk,30,5796098.53,0.0,68
CUST0385,1,1,1.0,High Risk,16,1775950.19,0.0,183
CUST0386,1,1,1.0,High Risk,3,649894.52,0.0,904
CUST0387,0,0,0.0,Low Risk,18,2372584.2399999998,0.0,5
CUST0388,0,0,0.0,Low Risk,26,5198476.2299999995,0.0,14
CUST0389,1,1,1.0,High Risk,28,3314722.17,0.0,141
CUST0390,1,1,1.0,High Risk,12,1882398.76,0.0,414
CUST0391,0,0,0.0,Low Risk,17,3025988.47,0.0,79
CUST0392,0,0,0.0,Low Risk,13,1171940.78,0.0,101
CUST0393,0,0,0.0,Low Risk,26,4906217.6,0.0,22
CUST0394,0,0,0.0,Low Risk,13,2233190.3,0.0,73
CUST0395,1,1,1.0,High Risk,9,2137900.11,0.0,165
CUST0396,0,0,0.0,Low Risk,28,3380904.97,0.0,5
CUST0397,1,1,1.0,High Risk,20,2038462.91,0.0,266
CUST0398,0,0,0.0,Low Risk,24,3060063.44,0.0,98
CUST0399,0,0,0.0,Low Risk,7,746348.21,0.0,89
CUST0400,0,0,0.0,Low Risk,31,4488432.8100000005,0.0,59
CUST0401,0,0,0.0,Low Risk,20,5911141.0,0.0,41
CUST0402,1,1,1.0,High Risk,10,722871.78,0.0,182
CUST0403,1,1,1.0,High Risk,4,338963.99,0.0,784
CUST0404,1,1,1.0,High Risk,11,714784.61,0.0,51
CUST0405,1,1,1.0,High Risk,9,1429737.57,0.0,309
CUST0406,1,1,1.0,High Risk,10,675950.3200000001,0.0,291
CUST0407,0,0,0.0,Low Risk,9,1627561.46,0.0,27
CUST0408,0,0,0.0,Low Risk,10,1184240.02,0.0,66
CUST0409,0,0,0.0,Low Risk,19,2434986.67,0.0,49
CUST0410,1,1,1.0,High Risk,15,1570357.15,0.0,2
CUST0411,0,0,0.0,Low Risk,19,2415492.5300000003,0.0,0
CUST0412,1,1,1.0,High Risk,12,1798540.34,0.0,60
CUST0413,1,1,1.0,High Risk,12,1454526.8900000001,0.0,164
CUST0414,1,1,1.0,High Risk,5,1134020.44,0.0,255
CUST0415,0,0,0.0,Low Risk,28,4206603.1,0.0,15
CUST0416,1,1,1.0,High Risk,9,1606160.05,0.0,562
CUST0417,1,1,1.0,High Risk,14,1711600.76,0.0,406
CUST0418,0,0,0.0,Low Risk,19,2396646.97,0.0,13
CUST0419,1,1,1.0,High Risk,15,1777013.76,0.0,5
CUST0420,0,0,0.0,Low Risk,15,2072632.0799999998,0.0,53
CUST0421,1,1,1.0,High Risk,9,1481853.93,0.0,173
CUST0422,1,1,1.0,High Risk,16,1708233.8900000001,0.0,296
CUST0423,1,1,1.0,High Risk,10,1466989.3,0.0,510
CUST0424,0,0,0.0,Low Risk,16,1703557.0,0.0,101
CUST0425,0,0,0.0,Low Risk,25,6214219.5600000005,0.0,37
CUST0426,1,1,1.0,High Risk,8,934288.78,0.0,575
CUST0427,1,1,1.0,High Risk,22,2437386.3,0.0,132
CUST0428,1,1,1.0,High Risk,6,396733.91,0.0,586
CUST0429,0,0,0.0,Low Risk,29,3523136.96,0.0,30
CUST0430,1,1,1.0,High Risk,8,1961472.5999999999,0.0,111
CUST0431,1,1,1.0,High Risk,16,3336373.23,0.0,501
CUST0432,0,0,0.0,Low Risk,20,3485339.68,0.0,94
CUST0433,0,0,0.0,Low Risk,28,4201707.19,0.0,120
CUST0434,0,0,0.0,Low Risk,43,6700226.2,0.0,1
CUST0435,1,1,1.0,High Risk,9,1133470.48,0.0,240
CUST0436,1,1,1.0,High Risk,14,1765639.5899999999,0.0,218
CUST0437,1,1,1.0,High Risk,29,3574671.58,0.0,153
CUST0438,1,1,1.0,High Risk,11,1395408.24,0.0,455
CUST0439,0,0,0.0,Low Risk,12,2068178.76,0.0,62
CUST0440,1,1,1.0,High Risk,13,1885061.41,0.0,198
CUST0441,1,1,1.0,High Risk,14,3399365.77,0.0,194
CUST0442,1,1,1.0,High Risk,16,2314231.94,0.0,149
CUST0443,0,0,0.0,Low Risk,27,5176804.57,0.0,12
CUST0444,0,0,0.0,Low Risk,19,3176567.12,0.0,37
CUST0445,1,1,1.0,High Risk,11,1891640.75,0.0,219
CUST0446,0,0,0.0,Low Risk,17,2766004.14,0.0,111
CUST0447,1,1,1.0,High Risk,17,2634719.15,0.0,170
CUST0448,1,1,1.0,High Risk,14,1969982.42,0.0,6
CUST0449,0,0,0.0,Low Risk,27,3477859.98,0.0,82
CUST0450,1,1,1.0,High Risk,14,2217690.31,0.0,53
CUST0451,1,1,1.0,High Risk,10,1398050.6500000001,0.0,333
CUST0452,1,1,1.0,High Risk,1,146707.35,0.0,908
CUST0453,1,1,1.0,High Risk,1,41519.08,0.0,894
CUST0454,0,0,0.0,Low Risk,24,4859669.88,0.0,3
CUST0455,0,0,0.0,Low Risk,17,2491660.0100000002,0.0,105
CUST0456,0,0,0.0,Low Risk,8,1278309.67,0.0,51
CUST0457,1,1,1.0,High Risk,8,2680996.6,0.0,8
CUST0458,0,0,0.0,Low Risk,18,2965563.13,0.0,29
CUST0459,1,1,1.0,High Risk,9,1933339.8299999998,0.0,53
CUST0460,1,1,1.0,High Risk,4,340070.15,0.0,233
CUST0461,0,0,0.0,Low Risk,29,5235851.02,0.0,63
CUST0462,1,1,1.0,High Risk,15,1738448.67,0.0,213
CUST0463,0,0,0.0,Low Risk,6,1142706.79,0.0,4
CUST0464,1,1,1.0,High Risk,11,2009299.27,0.0,248
CUST0465,1,1,1.0,High Risk,15,3180745.98,0.0,181
CUST0466,1,1,1.0,High Risk,14,1497747.74,0.0,300
CUST0467,0,0,0.0,Low Risk,18,3357694.98,0.0,62
CUST0468,1,1,1.0,High Risk,8,1134331.84,0.0,497
CUST0469,1,1,1.0,High Risk,7,663285.36,0.0,370
CUST0470,1,1,1.0,High Risk,22,3434331.16,0.0,181
CUST0471,1,1,1.0,High Risk,13,1164368.56,0.0,134
CUST0472,1,1,1.0,High Risk,30,3966370.5500000003,0.0,199
CUST0473,0,0,0.0,Low Risk,15,1888218.84,0.0,60
CUST0474,1,1,1.0,High Risk,19,2147556.94,0.0,212
CUST0475,1,1,1.0,High Risk,12,1950358.1800000002,0.0,188
CUST0476,1,1,1.0,High Risk,11,1486675.28,0.0,230
CUST0477,0,0,0.0,Low Risk,26,3795209.89,0.0,23
CUST0478,0,0,0.0,Low Risk,18,3978476.56,0.0,48
CUST0479,1,1,1.0,High Risk,14,1399097.6300000001,0.0,448
CUST0480,1,1,1.0,High Risk,10,1401901.95,0.0,0
CUST0481,1,1,1.0,High Risk,11,2036655.3199999998,0.0,152
CUST0482,0,0,0.0,Low Risk,18,2346366.2,0.0,18
CUST0483,0,0,0.0,Low Risk,16,2961668.36,0.0,89
CUST0484,0,0,0.0,Low Risk,13,1994458.91,0.0,119
CUST0485,1,1,1.0,High Risk,11,1558380.42,0.0,388
CUST0486,1,1,1.0,High Risk,6,623020.01,0.0,382
CUST0487,0,0,0.0,Low Risk,22,4077180.04,0.0,89
CUST0488,1,1,1.0,High Risk,17,2270042.89,0.0,217
CUST0489,1,1,1.0,High Risk,12,2370709.7,0.0,178
CUST0490,1,1,1.0,High Risk,8,1611615.25,0.0,165
CUST0491,0,0,0.0,Low Risk,30,2579664.7199999997,0.0,38
CUST0492,1,1,1.0,High Risk,17,3820198.92,0.0,128
CUST0493,1,1,1.0,High Risk,12,1792729.03,0.0,59
CUST0494,1,1,1.0,High Risk,4,364188.31,0.0,822
CUST0495,1,1,1.0,High Risk,9,1172588.74,0.0,276
CUST0496,1,1,1.0,High Risk,5,509758.43,0.0,644
CUST0497,1,1,1.0,High Risk,18,4337682.23,0.0,156
CUST0498,1,1,1.0,High Risk,10,1878756.27,0.0,47
CUST0499,1,1,1.0,High Risk,2,191202.14,0.0,778
CUST0500,1,1,1.0,High Risk,14,2071436.92,0.0,491
CUST0501,1,1,1.0,High Risk,5,1470264.34,0.0,409
CUST0502,0,0,0.0,Low Risk,12,1609124.71,0.0,99
CUST0503,1,1,1.0,High Risk,16,3320936.0,0.0,276
CUST0504,0,0,0.0,Low Risk,18,2825999.33,0.0,15
CUST0505,1,1,1.0,High Risk,4,329820.56,0.0,184
CUST0506,0,0,0.0,Low Risk,21,2710281.17,0.0,62
CUST0507,0,0,0.0,Low Risk,14,2944150.92,0.0,1
CUST0508,0,0,0.0,Low Risk,21,2629146.98,0.0,12
CUST0509,1,1,1.0,High Risk,14,1353096.6400000001,0.0,198
CUST0510,1,1,1.0,High Risk,1,152051.84,0.0,660
CUST0511,0,0,0.0,Low Risk,11,1993142.55,0.0,57
CUST0512,1,1,1.0,High Risk,14,2145924.84,0.0,114
CUST0513,0,0,0.0,Low Risk,20,3843349.85,0.0,19
CUST0514,0,0,0.0,Low Risk,21,3014967.83,0.0,76
CUST0515,1,1,1.0,High Risk,20,2109758.69,0.0,247
CUST0516,1,1,1.0,High Risk,13,1862254.66,0.0,219
CUST0517,1,1,1.0,High Risk,10,1077146.1,0.0,1
CUST0518,1,1,1.0,High Risk,2,269637.44,0.0,391
CUST0519,1,1,1.0,High Risk,18,3255541.8,0.0,140
CUST0520,1,1,1.0,High Risk,22,3074834.15,0.0,218
CUST0521,1,1,1.0,High Risk,15,2211985.5100000002,0.0,507
CUST0522,0,0,0.0,Low Risk,17,1997817.82,0.0,79
CUST0523,1,1,1.0,High Risk,24,4540306.390000001,0.0,375
CUST0524,1,1,1.0,High Risk,21,3829760.0,0.0,133
CUST0525,1,1,1.0,High Risk,16,2338904.48,0.0,345
CUST0527,0,0,0.0,Low Risk,16,2213298.41,0.0,12
CUST0528,1,1,1.0,High Risk,14,2320709.42,0.0,228
CUST0529,0,0,0.0,Low Risk,19,3311475.81,0.0,37
CUST0530,1,1,1.0,High Risk,12,1789566.59,0.0,94
CUST0531,1,1,1.0,High Risk,20,2491495.07,0.0,272
CUST0532,1,1,1.0,High Risk,14,1735662.69,0.0,196
CUST0533,0,0,0.0,Low Risk,12,2478194.56,0.0,19
CUST0534,1,1,1.0,High Risk,15,2018183.07,0.0,153
CUST0535,1,1,1.0,High Risk,16,1794031.21,0.0,31
CUST0536,1,1,1.0,High Risk,26,4021227.92,0.0,194
CUST0537,1,1,1.0,High Risk,10,853306.72,0.0,454
CUST0538,1,1,1.0,High Risk,9,1042120.8099999999,0.0,31
CUST0539,1,1,1.0,High Risk,8,1146503.7,0.0,172
CUST0540,0,0,0.0,Low Risk,24,2688011.92,0.0,11
CUST0541,0,0,0.0,Low Risk,24,4140874.63,0.0,69
CUST0542,0,0,0.0,Low Risk,34,4263556.61,0.0,38
CUST0543,1,1,1.0,High Risk,10,1020530.76,0.0,197
CUST0544,1,1,1.0,High Risk,17,2147337.86,0.0,43
CUST0545,0,0,0.0,Low Risk,19,2893303.46,0.0,24
CUST0546,0,0,0.0,Low Risk,16,2041682.4,0.0,18
CUST0547,1,1,1.0,High Risk,2,1093713.17,0.0,607
CUST0548,1,1,1.0,High Risk,5,347868.16000000003,0.0,197
CUST0549,1,1,1.0,High Risk,23,3278290.84,0.0,373
CUST0550,0,0,0.0,Low Risk,32,5044469.29,0.0,96
CUST0551,1,1,1.0,High Risk,7,1382273.92,0.0,211
CUST0552,1,1,1.0,High Risk,5,795294.5,0.0,21
CUST0553,1,1,1.0,High Risk,8,949298.6599999999,0.0,802
CUST0554,1,1,1.0,High Risk,8,1215393.78,0.0,290
CUST0555,1,1,1.0,High Risk,13,2212333.12,0.0,382
CUST0556,1,1,1.0,High Risk,24,3094426.05,0.0,210
CUST0557,1,1,1.0,High Risk,14,1449336.82,0.0,212
CUST0558,0,0,0.0,Low Risk,19,2291361.67,0.0,11
CUST0559,1,1,1.0,High Risk,14,2171449.76,0.0,350
CUST0560,1,1,1.0,High Risk,4,825383.62,0.0,39
CUST0561,1,1,1.0,High Risk,6,985384.34,0.0,96
CUST0562,1,1,1.0,High Risk,26,3848509.4699999997,0.0,173
CUST0563,1,1,1.0,High Risk,11,1586803.6,0.0,204
CUST0564,1,1,1.0,High Risk,15,2251789.7199999997,0.0,163
CUST0565,1,1,1.0,High Risk,13,1866261.14,0.0,232
CUST0566,1,1,1.0,High Risk,18,2008282.3499999999,0.0,136
CUST0567,1,1,1.0,High Risk,10,1722856.48,0.0,670
CUST0568,1,1,1.0,High Risk,15,1991588.02,0.0,178
CUST0569,1,1,1.0,High Risk,13,2543057.19,0.0,254
CUST0570,1,1,1.0,High Risk,19,3408687.29,0.0,221
CUST0571,0,0,0.0,Low Risk,21,3746262.2800000003,0.0,102
CUST0572,1,1,1.0,High Risk,12,1247806.88,0.0,15
CUST0573,1,1,1.0,High Risk,10,1762842.3699999999,0.0,202
CUST0574,1,1,1.0,High Risk,27,4015074.86,0.0,230
CUST0575,0,0,0.0,Low Risk,25,3786692.77,0.0,65
CUST0576,1,1,1.0,High Risk,7,737754.85,0.0,300
CUST0577,1,1,1.0,High Risk,12,1742277.5,0.0,201
CUST0578,1,1,1.0,High Risk,8,1517773.3800000001,0.0,112
CUST0579,1,1,1.0,High Risk,15,3017855.9,0.0,428
CUST0580,1,1,1.0,High Risk,10,1895177.8199999998,0.0,362
CUST0581,0,0,0.0,Low Risk,19,3290612.99,0.0,74
CUST0582,1,1,1.0,High Risk,13,1823609.7,0.0,130
CUST0583,1,1,1.0,High Risk,14,1669034.44,0.0,35
CUST0584,1,1,1.0,High Risk,13,3295222.38,0.0,199
CUST0585,1,1,1.0,High Risk,6,956202.37,0.0,139
CUST0586,0,0,0.0,Low Risk,19,3273141.96,0.0,27
CUST0587,0,0,0.0,Low Risk,11,950157.08,0.0,73
CUST0588,0,0,0.0,Low Risk,20,2704232.45,0.0,60
CUST0589,1,1,1.0,High Risk,10,1681385.81,0.0,380
CUST0590,1,1,1.0,High Risk,11,1453291.04,0.0,257
CUST0591,1,1,1.0,High Risk,12,2499541.21,0.0,79
CUST0592,0,0,0.0,Low Risk,24,2905356.93,0.0,17
CUST0593,1,1,1.0,High Risk,9,1586605.44,0.0,31
CUST0594,1,1,1.0,High Risk,12,1184058.8900000001,0.0,183
CUST0595,1,1,1.0,High Risk,12,2620955.16,0.0,244
CUST0596,0,0,0.0,Low Risk,25,3667854.29,0.0,31
CUST0597,1,1,1.0,High Risk,13,2072465.02,0.0,247
CUST0598,0,0,0.0,Low Risk,14,2009253.3399999999,0.0,77
CUST0599,1,1,1.0,High Risk,5,652777.96,0.0,240
CUST0600,1,1,1.0,High Risk,7,1341482.47,0.0,673
CUST0601,1,1,1.0,High Risk,5,912717.9199999999,0.0,282
CUST0602,0,0,0.0,Low Risk,19,3073031.33,0.0,79
CUST0603,1,1,1.0,High Risk,14,2059831.3399999999,0.0,233
CUST0604,1,1,1.0,High Risk,16,1439772.81,0.0,15
CUST0605,1,1,1.0,High Risk,11,1175066.73,0.0,248
CUST0606,0,0,0.0,Low Risk,8,1574497.6600000001,0.0,3
CUST0607,1,1,1.0,High Risk,6,723585.28,0.0,461
CUST0608,1,1,1.0,High Risk,26,5208808.140000001,0.0,249
CUST0609,1,1,1.0,High Risk,20,1740517.97,0.0,216
CUST0610,0,0,0.0,Low Risk,26,2724005.3899999997,0.0,103
CUST0611,1,1,1.0,High Risk,9,1126414.03,0.0,322
CUST0612,0,0,0.0,Low Risk,20,2740511.66,0.0,9
CUST0613,1,1,1.0,High Risk,8,449172.56,0.0,15
CUST0614,1,1,1.0,High Risk,10,1664813.02,0.0,2
CUST0615,0,0,0.0,Low Risk,9,1574520.19,0.0,97
CUST0616,0,0,0.0,Low Risk,19,2728208.51,0.0,53
CUST0617,0,0,0.0,Low Risk,22,3113364.38,0.0,8
CUST0618,0,0,0.0,Low Risk,29,4230151.2700000005,0.0,3
CUST0619,0,0,0.0,Low Risk,4,300677.20999999996,0.0,53
CUST0620,0,0,0.0,Low Risk,23,3730918.09,0.0,14
CUST0621,1,1,1.0,High Risk,13,1547964.8900000001,0.0,39
CUST0622,0,0,0.0,Low Risk,16,2572665.33,0.0,3
CUST0623,1,1,1.0,High Risk,18,2190325.66,0.0,130
CUST0624,1,1,1.0,High Risk,16,1755256.0,0.0,24
CUST0625,0,0,0.0,Low Risk,27,4180995.9,0.0,108
CUST0626,0,0,0.0,Low Risk,20,2931790.34,0.0,47
CUST0627,1,1,1.0,High Risk,17,2904937.15,0.0,189
CUST0628,1,1,1.0,High Risk,11,1554244.08,0.0,400
CUST0629,1,1,1.0,High Risk,6,1235310.98,0.0,73
CUST0630,1,1,1.0,High Risk,7,693467.89,0.0,670
CUST0631,0,0,0.0,Low Risk,21,5136069.97,0.0,19
CUST0632,1,1,1.0,High Risk,6,1835317.29,0.0,137
CUST0633,0,0,0.0,Low Risk,16,2645186.13,0.0,34
CUST0634,0,0,0.0,Low Risk,10,1215665.95,0.0,74
CUST0635,1,1,1.0,High Risk,16,1840049.97,0.0,260
CUST0636,1,1,1.0,High Risk,11,1183457.62,0.0,293
CUST0637,1,1,1.0,High Risk,11,1954590.8699999999,0.0,492
CUST0638,0,0,0.0,Low Risk,19,1679999.97,0.0,2
CUST0639,1,1,1.0,High Risk,5,1008513.09,0.0,506
CUST0640,1,1,1.0,High Risk,22,4269417.49,0.0,254
CUST0641,1,1,1.0,High Risk,8,1963404.54,0.0,72
CUST0642,1,1,1.0,High Risk,25,2299159.84,0.0,139
CUST0643,0,0,0.0,Low Risk,32,4361808.83,0.0,49
CUST0644,1,1,1.0,High Risk,1,397965.77,0.0,146
CUST0645,0,0,0.0,Low Risk,21,4054796.3,0.0,1
CUST0646,0,0,0.0,Low Risk,28,6473308.09,0.0,9
CUST0647,0,0,0.0,Low Risk,31,5273460.850000001,0.0,27
CUST0648,1,1,1.0,High Risk,13,1625432.22,0.0,22
CUST0649,1,1,1.0,High Risk,13,2621640.07,0.0,254
CUST0650,1,1,1.0,High Risk,17,2217867.5900000003,0.0,123
CUST0651,0,0,0.0,Low Risk,20,2477431.22,0.0,36
CUST0652,1,1,1.0,High Risk,4,390962.91,0.0,476
CUST0653,0,0,0.0,Low Risk,17,2096432.97,0.0,75
CUST0654,1,1,1.0,High Risk,15,1594885.18,0.0,242
CUST0655,0,0,0.0,Low Risk,14,1750077.3900000001,0.0,109
CUST0656,0,0,0.0,Low Risk,21,3572156.55,0.0,57
CUST0657,1,1,1.0,High Risk,15,3191803.33,0.0,315
CUST0658,1,1,1.0,High Risk,18,4247418.2,0.0,227
CUST0659,0,0,0.0,Low Risk,27,4096469.08,0.0,37
CUST0660,0,0,0.0,Low Risk,20,2860252.8400000003,0.0,61
CUST0661,0,0,0.0,Low Risk,27,4948967.98,0.0,10
CUST0662,0,0,0.0,Low Risk,22,4045676.64,0.0,44
CUST0664,1,1,1.0,High Risk,12,2320363.2600000002,0.0,388
CUST0665,1,1,1.0,High Risk,22,3363514.29,0.0,296
CUST0666,1,1,1.0,High Risk,8,927491.17,0.0,307
CUST0667,1,1,1.0,High Risk,14,2646653.14,0.0,129
CUST0668,1,1,1.0,High Risk,8,689413.69,0.0,186
CUST0669,1,1,1.0,High Risk,16,1713182.93,0.0,342
CUST0670,1,1,1.0,High Risk,20,2316539.18,0.0,140
CUST0671,1,1,1.0,High Risk,11,1063399.75,0.0,255
CUST0672,0,0,0.0,Low Risk,15,2894541.58,0.0,44
CUST0673,0,0,0.0,Low Risk,26,2375693.37,0.0,44
CUST0674,1,1,1.0,High Risk,16,2414138.84,0.0,202
CUST0675,1,1,1.0,High Risk,16,1605961.77,0.0,302
CUST0676,0,0,0.0,Low Risk,24,2911066.55,0.0,94
CUST0677,0,0,0.0,Low Risk,19,3387171.23,0.0,6
CUST0678,0,0,0.0,Low Risk,15,3263483.06,0.0,65
CUST0679,1,1,1.0,High Risk,11,2637313.05,0.0,38
CUST0680,1,1,1.0,High Risk,21,1754803.73,0.0,182
CUST0681,1,1,1.0,High Risk,19,2870916.7199999997,0.0,227
CUST0682,1,1,1.0,High Risk,14,2498165.08,0.0,318
CUST0683,1,1,1.0,High Risk,5,562196.09,0.0,89
CUST0684,1,1,1.0,High Risk,15,3472000.51,0.0,213
CUST0685,1,1,1.0,High Risk,17,2739295.9699999997,0.0,224
CUST0686,1,1,1.0,High Risk,8,711355.83,0.0,571
CUST0687,0,0,0.0,Low Risk,24,4912744.07,0.0,9
CUST0688,1,1,1.0,High Risk,11,1397883.2,0.0,12
CUST0689,1,1,1.0,High Risk,28,3463712.04,0.0,242
CUST0690,1,1,1.0,High Risk,14,1398665.45,0.0,136
CUST0691,0,0,0.0,Low Risk,14,2238015.5100000002,0.0,94
CUST0692,0,0,0.0,Low Risk,13,1306627.39,0.0,3
CUST0693,1,1,1.0,High Risk,15,3118118.28,0.0,240
CUST0694,1,1,1.0,High Risk,10,1160503.13,0.0,613
CUST0695,1,1,1.0,High Risk,21,2825366.32,0.0,143
CUST0696,0,0,0.0,Low Risk,27,4926429.44,0.0,48
CUST0697,1,1,1.0,High Risk,16,2486784.15,0.0,240
CUST0698,1,1,1.0,High Risk,3,265158.06,0.0,39
CUST0699,0,0,0.0,Low Risk,30,3912805.67,0.0,77
CUST0700,1,1,1.0,High Risk,23,3493679.63,0.0,121
CUST0701,1,1,1.0,High Risk,15,1690025.81,0.0,17
CUST0702,0,0,0.0,Low Risk,12,1148388.94,0.0,44
CUST0703,1,1,1.0,High Risk,22,3356773.55,0.0,126
CUST0704,0,0,0.0,Low Risk,16,2159978.75,0.0,53
CUST0705,1,1,1.0,High Risk,13,1195712.13,0.0,669
CUST0706,0,0,0.0,Low Risk,25,4711516.19,0.0,37
CUST0707,1,1,1.0,High Risk,11,1050024.65,0.0,10
CUST0708,0,0,0.0,Low Risk,17,1427012.2,0.0,98
CUST0709,0,0,0.0,Low Risk,22,3420331.95,0.0,80
CUST0710,1,1,1.0,High Risk,23,3514725.79,0.0,196
CUST0711,1,1,1.0,High Risk,10,736884.23,0.0,53
CUST0712,1,1,1.0,High Risk,19,2040881.74,0.0,230
CUST0713,0,0,0.0,Low Risk,20,3094292.83,0.0,37
CUST0714,1,1,1.0,High Risk,12,2018140.32,0.0,320
CUST0715,1,1,1.0,High Risk,12,2186530.28,0.0,128
CUST0716,1,1,1.0,High Risk,14,2517242.0700000003,0.0,264
CUST0717,1,1,1.0,High Risk,9,2291013.33,0.0,195
CUST0718,0,0,0.0,Low Risk,23,2934639.67,0.0,1
CUST0719,1,1,1.0,High Risk,10,1028875.16,0.0,3
CUST0720,0,0,0.0,Low Risk,17,2398718.41,0.0,64
CUST0721,0,0,0.0,Low Risk,33,4028520.5100000002,0.0,105
CUST0722,1,1,1.0,High Risk,15,1572205.03,0.0,249
CUST0723,1,1,1.0,High Risk,8,835509.73,0.0,127
CUST0724,1,1,1.0,High Risk,8,1360862.99,0.0,276
CUST0725,1,1,1.0,High Risk,16,3398459.08,0.0,3
CUST0726,0,0,0.0,Low Risk,12,1360211.96,0.0,106
CUST0727,1,1,1.0,High Risk,14,2549944.66,0.0,210
CUST0728,0,0,0.0,Low Risk,25,3236154.71,0.0,110
CUST0729,1,1,1.0,High Risk,10,1513695.8699999999,0.0,182
CUST0730,1,1,1.0,High Risk,8,1210775.16,0.0,320
CUST0731,0,0,0.0,Low Risk,16,1276675.54,0.0,83
CUST0732,0,0,0.0,Low Risk,18,2426773.98,0.0,53
CUST0733,1,1,1.0,High Risk,6,1019675.25,0.0,178
CUST0734,1,1,1.0,High Risk,19,3288575.4899999998,0.0,217
CUST0735,0,0,0.0,Low Risk,19,2870479.29,0.0,39
CUST0736,1,1,1.0,High Risk,9,1765383.8900000001,0.0,36
CUST0737,1,1,1.0,High Risk,9,1899626.88,0.0,210
CUST0738,0,0,0.0,Low Risk,16,2746532.4,0.0,35
CUST0739,0,0,0.0,Low Risk,24,4741207.57,0.0,37
CUST0740,1,1,1.0,High Risk,13,1264048.21,0.0,316
CUST0741,1,1,1.0,High Risk,13,1232290.32,0.0,334
CUST0742,1,1,1.0,High Risk,14,1597324.39,0.0,342
CUST0743,0,0,0.0,Low Risk,18,2027197.8299999998,0.0,60
CUST0744,1,1,1.0,High Risk,3,128752.24,0.0,250
CUST0745,1,1,1.0,High Risk,11,1291850.55,0.0,319
CUST0746,1,1,1.0,High Risk,13,1894842.22,0.0,214
CUST0747,0,0,0.0,Low Risk,28,6561365.0,0.0,29
CUST0748,1,1,1.0,High Risk,15,2275374.6,0.0,187
CUST0749,1,1,1.0,High Risk,17,3133056.4000000004,0.0,15
CUST0750,1,1,1.0,High Risk,29,4416955.43,0.0,274
CUST0751,1,1,1.0,High Risk,11,2069929.85,0.0,21
CUST0752,1,1,1.0,High Risk,15,1522614.3699999999,0.0,532
CUST0753,1,1,1.0,High Risk,29,3703608.55,0.0,131
CUST0754,0,0,0.0,Low Risk,21,2647104.71,0.0,38
CUST0755,0,0,0.0,Low Risk,9,1354032.93,0.0,108
CUST0756,1,1,1.0,High Risk,10,1465843.44,0.0,218
CUST0757,1,1,1.0,High Risk,14,1906881.14,0.0,153
CUST0758,1,1,1.0,High Risk,17,4332189.03,0.0,303
CUST0759,1,1,1.0,High Risk,25,3434790.89,0.0,213
CUST0760,1,1,1.0,High Risk,4,564992.2,0.0,64
CUST0761,1,1,1.0,High Risk,26,3996503.69,0.0,197
CUST0762,0,0,0.0,Low Risk,30,3811360.5,0.0,76
CUST0763,1,1,1.0,High Risk,3,66275.91,0.0,383
CUST0764,1,1,1.0,High Risk,8,1004060.19,0.0,232
CUST0765,1,1,1.0,High Risk,14,1875728.44,0.0,187
CUST0766,0,0,0.0,Low Risk,22,4537033.13,0.0,53
CUST0767,1,1,1.0,High Risk,17,2549650.1999999997,0.0,122
CUST0768,0,0,0.0,Low Risk,18,2114620.33,0.0,91
CUST0769,0,0,0.0,Low Risk,19,2348040.66,0.0,75
CUST0770,0,0,0.0,Low Risk,26,5333911.34,0.0,52
CUST0771,0,0,0.0,Low Risk,17,2298351.2199999997,0.0,14
CUST0772,1,1,1.0,High Risk,15,1911228.95,0.0,279
CUST0773,1,1,1.0,High Risk,4,708511.87,0.0,732
CUST0774,1,1,1.0,High Risk,20,2573092.03,0.0,281
CUST0775,0,0,0.0,Low Risk,27,4333080.64,0.0,107
CUST0776,0,0,0.0,Low Risk,14,2177454.65,0.0,98
CUST0777,1,1,1.0,High Risk,11,703146.65,0.0,229
CUST0778,1,1,1.0,High Risk,8,2269230.8,0.0,200
CUST0779,0,0,0.0,Low Risk,17,2082843.03,0.0,14
CUST0780,0,0,0.0,Low Risk,16,2323781.68,0.0,97
CUST0781,0,0,0.0,Low Risk,24,5139733.0200000005,0.0,47
CUST0782,1,1,1.0,High Risk,16,2430906.95,0.0,225
CUST0783,1,1,1.0,High Risk,8,701993.54,0.0,372
CUST0784,1,1,1.0,High Risk,16,2068859.73,0.0,101
CUST0785,0,0,0.0,Low Risk,19,3520711.48,0.0,48
CUST0786,1,1,1.0,High Risk,13,1481786.49,0.0,424
CUST0787,1,1,1.0,High Risk,12,1580054.31,0.0,130
CUST0788,1,1,1.0,High Risk,12,2277277.43,0.0,252
CUST0789,0,0,0.0,Low Risk,34,6423846.69,0.0,46
CUST0790,0,0,0.0,Low Risk,17,2687593.11,0.0,110
CUST0791,1,1,1.0,High Risk,8,1815566.3900000001,0.0,595
CUST0792,1,1,1.0,High Risk,10,865161.09,0.0,4
CUST0793,0,0,0.0,Low Risk,34,3501454.2,0.0,17
CUST0794,1,1,1.0,High Risk,11,1844199.22,0.0,109
CUST0795,1,1,1.0,High Risk,3,687267.36,0.0,249
CUST0796,1,1,1.0,High Risk,33,3691410.2600000002,0.0,209
CUST0797,0,0,0.0,Low Risk,16,2117736.5700000003,0.0,31
CUST0798,0,0,0.0,Low Risk,15,1968537.6199999999,0.0,38
CUST0799,1,1,1.0,High Risk,12,1930829.91,0.0,258
CUST0800,0,0,0.0,Low Risk,24,4138658.4,0.0,35
CUST0801,1,1,1.0,High Risk,17,2620489.64,0.0,243
CUST0802,0,0,0.0,Low Risk,7,1385005.25,0.0,17
CUST0803,0,1,1.0,High Risk,14,1793380.79,0.0,120
CUST0804,0,0,0.0,Low Risk,19,2707878.17,0.0,21
CUST0805,0,0,0.0,Low Risk,18,2969813.68,0.0,31
CUST0806,1,1,1.0,High Risk,11,2908111.7199999997,0.0,231
CUST0807,1,1,1.0,High Risk,7,1328498.4400000002,0.0,577
CUST0808,0,0,0.0,Low Risk,6,627264.84,0.0,15
CUST0809,1,1,1.0,High Risk,16,2177010.75,0.0,234
CUST0810,1,1,1.0,High Risk,12,2585560.88,0.0,129
CUST0811,1,1,1.0,High Risk,12,1697917.44,0.0,127
CUST0812,1,1,1.0,High Risk,20,4426264.62,0.0,141
CUST0813,0,0,0.0,Low Risk,27,3500374.86,0.0,107
CUST0814,1,1,1.0,High Risk,6,859133.1499999999,0.0,487
CUST0815,1,1,1.0,High Risk,7,824865.26,0.0,285
CUST0816,0,0,0.0,Low Risk,16,2314508.3,0.0,23
CUST0817,1,1,1.0,High Risk,11,2096456.12,0.0,119
CUST0818,1,1,1.0,High Risk,11,1030048.1799999999,0.0,337
CUST0819,0,0,0.0,Low Risk,24,2824416.17,0.0,19
CUST0820,1,1,1.0,High Risk,19,2696563.79,0.0,201
CUST0821,0,0,0.0,Low Risk,20,2283611.45,0.0,68
CUST0822,1,1,1.0,High Risk,5,1406663.4100000001,0.0,6
CUST0823,0,0,0.0,Low Risk,20,1871680.72,0.0,51
CUST0824,1,1,1.0,High Risk,13,1692063.11,0.0,2
CUST0825,1,1,1.0,High Risk,11,710665.19,0.0,473
CUST0826,0,0,0.0,Low Risk,32,4359747.59,0.0,84
CUST0827,1,1,1.0,High Risk,14,1872028.85,0.0,219
CUST0828,1,1,1.0,High Risk,3,243823.24,0.0,110
CUST0829,1,1,1.0,High Risk,14,925324.75,0.0,111
CUST0830,1,1,1.0,High Risk,8,1176565.81,0.0,3
CUST0831,1,1,1.0,High Risk,8,1858074.94,0.0,187
CUST0832,0,0,0.0,Low Risk,24,4069855.99,0.0,46
CUST0833,0,0,0.0,Low Risk,21,2804938.44,0.0,20
CUST0834,0,0,0.0,Low Risk,19,3421391.0,0.0,80
CUST0835,0,0,0.0,Low Risk,15,1966293.89,0.0,77
CUST0836,0,0,0.0,Low Risk,18,2812934.5,0.0,72
CUST0837,1,1,1.0,High Risk,12,1796030.82,0.0,45
CUST0838,0,0,0.0,Low Risk,13,2319359.21,0.0,90
CUST0839,1,1,1.0,High Risk,16,3298894.37,0.0,52
CUST0840,1,1,1.0,High Risk,7,1903691.3000000003,0.0,312
CUST0841,0,0,0.0,Low Risk,23,2469236.38,0.0,45
CUST0842,0,0,0.0,Low Risk,20,3453007.43,0.0,11
CUST0843,1,1,1.0,High Risk,3,193750.9,0.0,529
CUST0844,0,0,0.0,Low Risk,22,4223536.87,0.0,31
CUST0845,0,0,0.0,Low Risk,22,3251941.48,0.0,44
CUST0846,0,0,0.0,Low Risk,16,1861971.34,0.0,53
CUST0847,1,1,1.0,High Risk,7,1651374.65,0.0,472
CUST0848,0,0,0.0,Low Risk,9,1266846.19,0.0,112
CUST0849,1,1,1.0,High Risk,16,2758367.44,0.0,167
CUST0850,1,1,1.0,High Risk,6,530369.64,0.0,9
CUST0851,1,1,1.0,High Risk,13,2459537.92,0.0,225
CUST0852,1,1,1.0,High Risk,12,1607965.35,0.0,465
CUST0853,1,1,1.0,High Risk,10,1515684.01,0.0,58
CUST0854,1,1,1.0,High Risk,9,2066080.62,0.0,259
CUST0855,1,1,1.0,High Risk,16,4085907.32,0.0,75
CUST0856,1,1,1.0,High Risk,19,2328792.05,0.0,165
CUST0857,1,1,1.0,High Risk,22,3324837.66,0.0,199
CUST0858,0,0,0.0,Low Risk,12,2732782.9699999997,0.0,119
CUST0859,1,1,1.0,High Risk,12,2027912.0,0.0,83
CUST0860,1,1,1.0,High Risk,26,4088885.88,0.0,200
CUST0861,1,1,1.0,High Risk,10,2242311.87,0.0,600
CUST0862,1,1,1.0,High Risk,8,1607288.1600000001,0.0,40
CUST0863,1,1,1.0,High Risk,12,1960348.4700000002,0.0,14
CUST0864,1,1,1.0,High Risk,15,4119968.0500000003,0.0,65
CUST0865,1,1,1.0,High Risk,29,4288421.31,0.0,537
CUST0866,0,0,0.0,Low Risk,15,1785612.32,0.0,3
CUST0867,1,1,1.0,High Risk,7,2174210.72,0.0,130
CUST0868,1,1,1.0,High Risk,13,1915810.8900000001,0.0,491
CUST0869,1,1,1.0,High Risk,15,2414509.11,0.0,126
CUST0870,0,0,0.0,Low Risk,25,4378484.67,0.0,52
CUST0871,1,1,1.0,High Risk,9,1024159.28,0.0,104
CUST0872,1,1,1.0,High Risk,10,1512211.47,0.0,582
CUST0873,1,1,1.0,High Risk,4,792309.73,0.0,156
CUST0874,0,0,0.0,Low Risk,24,4267762.3100000005,0.0,38
CUST0875,1,1,1.0,High Risk,12,2160860.23,0.0,217
CUST0876,0,0,0.0,Low Risk,19,2433422.04,0.0,0
CUST0877,1,1,1.0,High Risk,10,1696815.17,0.0,7
CUST0878,1,1,1.0,High Risk,8,1307097.0,0.0,512
CUST0880,0,0,0.0,Low Risk,19,1906356.94,0.0,112
CUST0881,1,1,1.0,High Risk,10,846410.32,0.0,417
CUST0882,0,0,0.0,Low Risk,9,1615724.44,0.0,8
CUST0883,0,0,0.0,Low Risk,32,4701533.0600000005,0.0,14
CUST0884,1,1,1.0,High Risk,14,1200240.03,0.0,171
CUST0885,0,0,0.0,Low Risk,26,3291479.09,0.0,12
CUST0886,1,1,1.0,High Risk,12,1937355.96,0.0,34
CUST0887,1,1,1.0,High Risk,30,3477671.47,0.0,220
CUST0888,1,1,1.0,High Risk,9,830256.23,0.0,130
CUST0889,1,1,1.0,High Risk,16,2533899.29,0.0,351
CUST0890,1,1,1.0,High Risk,14,3162440.14,0.0,222
CUST0891,1,1,1.0,High Risk,10,1503407.78,0.0,454
CUST0892,0,0,0.0,Low Risk,14,1476408.23,0.0,8
CUST0893,1,1,1.0,High Risk,15,2370014.82,0.0,8
CUST0894,0,0,0.0,Low Risk,22,3126841.22,0.0,77
CUST0895,0,0,0.0,Low Risk,30,5293480.33,0.0,1
CUST0896,1,1,1.0,High Risk,11,1528011.42,0.0,447
CUST0897,1,1,1.0,High Risk,10,1034137.57,0.0,162
CUST0898,1,1,1.0,High Risk,9,1677322.48,0.0,15
CUST0899,1,1,1.0,High Risk,17,1629180.9100000001,0.0,249
CUST0900,0,0,0.0,Low Risk,15,2344960.81,0.0,32
CUST0901,1,1,1.0,High Risk,11,1986684.6,0.0,393
CUST0902,1,1,1.0,High Risk,17,2893905.83,0.0,241
CUST0903,1,1,1.0,High Risk,16,3676854.49,0.0,228
CUST0904,0,0,0.0,Low Risk,24,3069994.77,0.0,19
CUST0905,0,0,0.0,Low Risk,16,2648278.6100000003,0.0,4
CUST0906,1,1,1.0,High Risk,10,865759.13,0.0,336
CUST0907,0,0,0.0,Low Risk,21,1984541.16,0.0,3
CUST0908,0,0,0.0,Low Risk,24,4513259.1,0.0,1
CUST0909,1,1,1.0,High Risk,21,3703369.64,0.0,226
CUST0910,1,1,1.0,High Risk,7,1071722.95,0.0,445
CUST0911,1,1,1.0,High Risk,9,965760.42,0.0,580
CUST0912,1,1,1.0,High Risk,13,2515955.9,0.0,28
CUST0913,0,0,0.0,Low Risk,22,3193274.17,0.0,16
CUST0914,1,1,1.0,High Risk,12,2164050.9,0.0,110
CUST0915,1,1,1.0,High Risk,27,2902922.4200000004,0.0,521
CUST0916,1,1,1.0,High Risk,11,1312653.64,0.0,225
CUST0917,0,0,0.0,Low Risk,24,3793146.5700000003,0.0,59
CUST0918,1,1,1.0,High Risk,13,1746987.01,0.0,259
CUST0919,1,1,1.0,High Risk,11,1604767.46,0.0,14
CUST0920,1,1,1.0,High Risk,25,3111645.65,0.0,198
CUST0921,1,1,1.0,High Risk,8,858158.69,0.0,340
CUST0922,1,1,1.0,High Risk,9,528500.64,0.0,84
CUST0923,1,1,1.0,High Risk,18,2888437.9899999998,0.0,254
CUST0924,1,1,1.0,High Risk,8,1962722.75,0.0,278
CUST0925,1,1,1.0,High Risk,13,2185878.7800000003,0.0,123
CUST0926,1,1,1.0,High Risk,4,611359.95,0.0,350
CUST0927,1,1,1.0,High Risk,24,2370639.49,0.0,188
CUST0928,1,1,1.0,High Risk,5,473630.59,0.0,577
CUST0929,0,0,0.0,Low Risk,9,1444123.39,0.0,34
CUST0930,1,1,1.0,High Risk,19,2094244.93,0.0,459
CUST0931,0,0,0.0,Low Risk,23,2110400.77,0.0,7
CUST0932,0,0,0.0,Low Risk,6,570413.3200000001,0.0,78
CUST0933,1,1,1.0,High Risk,10,1848137.64,0.0,243
CUST0934,1,1,1.0,High Risk,2,342631.53,0.0,286
CUST0935,0,0,0.0,Low Risk,18,2212942.09,0.0,21
CUST0936,1,1,1.0,High Risk,5,641155.41,0.0,218
CUST0937,0,0,0.0,Low Risk,19,2508047.23,0.0,9
CUST0938,0,0,0.0,Low Risk,18,3457817.55,0.0,53
CUST0939,1,1,1.0,High Risk,10,1893781.38,0.0,258
CUST0940,0,0,0.0,Low Risk,20,4357214.44,0.0,43
CUST0941,0,0,0.0,Low Risk,26,3954785.0300000003,0.0,9
CUST0942,1,1,1.0,High Risk,3,979231.93,0.0,286
CUST0943,0,0,0.0,Low Risk,19,2950150.75,0.0,119
CUST0944,0,0,0.0,Low Risk,24,3611298.23,0.0,13
CUST0945,1,1,1.0,High Risk,15,2062767.51,0.0,48
CUST0946,0,0,0.0,Low Risk,23,3039866.79,0.0,37
CUST0947,1,1,1.0,High Risk,8,1459332.03,0.0,274
CUST0948,1,1,1.0,High Risk,7,723430.52,0.0,566
CUST0949,1,1,1.0,High Risk,3,258924.43,0.0,586
CUST0950,0,0,0.0,Low Risk,18,2863084.9899999998,0.0,53
CUST0951,0,0,0.0,Low Risk,33,5468976.22,0.0,37
CUST0952,1,1,1.0,High Risk,14,1675138.49,0.0,29
CUST0953,1,1,1.0,High Risk,14,3138376.24,0.0,305
CUST0954,0,0,0.0,Low Risk,18,2339056.06,0.0,0
CUST0955,1,1,1.0,High Risk,11,1295403.34,0.0,292
CUST0956,1,1,1.0,High Risk,6,1224290.0499999998,0.0,576
CUST0957,1,1,1.0,High Risk,12,1419605.6,0.0,394
CUST0958,0,0,0.0,Low Risk,17,1675070.13,0.0,60
CUST0959,1,1,1.0,High Risk,6,842331.02,0.0,127
CUST0960,0,0,0.0,Low Risk,19,3496328.56,0.0,53
CUST0961,1,1,1.0,High Risk,18,2263149.75,0.0,182
CUST0962,1,1,1.0,High Risk,8,1255123.56,0.0,623
CUST0963,1,1,1.0,High Risk,24,3667425.02,0.0,134
CUST0964,1,1,1.0,High Risk,27,3107787.75,0.0,145
CUST0965,1,1,1.0,High Risk,17,3270518.17,0.0,180
CUST0966,1,1,1.0,High Risk,13,1057422.65,0.0,290
CUST0967,1,1,1.0,High Risk,9,1340277.77,0.0,165
CUST0968,0,0,0.0,Low Risk,20,2660293.6799999997,0.0,50
CUST0969,1,1,1.0,High Risk,12,2583311.98,0.0,185
CUST0970,1,1,1.0,High Risk,7,1479270.05,0.0,147
CUST0971,0,0,0.0,Low Risk,27,5893280.62,0.0,5
CUST0972,1,1,1.0,High Risk,14,1351015.84,0.0,59
CUST0973,1,1,1.0,High Risk,7,791882.1299999999,0.0,92
CUST0974,0,0,0.0,Low Risk,20,2334042.7399999998,0.0,77
CUST0975,0,0,0.0,Low Risk,18,2334275.68,0.0,102
CUST0976,1,1,1.0,High Risk,23,4201235.93,0.0,246
CUST0977,0,0,0.0,Low Risk,23,2761047.99,0.0,35
CUST0978,1,1,1.0,High Risk,9,1208934.25,0.0,279
CUST0979,1,1,1.0,High Risk,13,1499817.11,0.0,32
CUST0980,1,1,1.0,High Risk,22,4030832.93,0.0,199
CUST0981,1,1,1.0,High Risk,9,938543.29,0.0,77
CUST0982,0,0,0.0,Low Risk,21,3811051.95,0.0,35
CUST0983,0,0,0.0,Low Risk,19,2782881.09,0.0,71
CUST0984,1,1,1.0,High Risk,16,2918300.19,0.0,211
CUST0985,1,1,1.0,High Risk,17,2300507.2600000002,0.0,405
CUST0986,0,0,0.0,Low Risk,16,2127680.57,0.0,2
CUST0987,1,1,1.0,High Risk,10,1478085.56,0.0,15
CUST0988,1,1,1.0,High Risk,11,2187298.07,0.0,460
CUST0989,1,1,1.0,High Risk,16,1952953.92,0.0,137
CUST0990,1,1,1.0,High Risk,32,4797467.77,0.0,490
CUST0991,1,1,1.0,High Risk,10,1587693.21,0.0,219
CUST0992,1,1,1.0,High Risk,17,3612405.52,0.0,67
CUST0993,1,1,1.0,High Risk,22,4415443.89,0.0,244
CUST0994,0,0,0.0,Low Risk,16,1556148.33,0.0,51
CUST0995,1,1,1.0,High Risk,7,1539520.1,0.0,143
CUST0996,1,1,1.0,High Risk,5,404627.3,0.0,524
CUST0997,0,0,0.0,Low Risk,25,4637476.39,0.0,7
CUST0998,0,0,0.0,Low Risk,10,1675190.29,0.0,13
CUST0999,1,1,1.0,High Risk,24,3383878.29,0.0,146
CUST1000,1,1,1.0,High Risk,10,943681.12,0.0,252
